TotalBudget,TotalCampaignCost,PotentialRevenues,PotentialProfits
428538.0,428538.0,4405639.727771393,3977101.727771393
467280.0,467280.0,4361272.052518092,3893992.052518092
494208.0,494208.0,4325777.9123154525,3831569.9123154525
528528.0,528528.0,4325777.9123154525,3797249.9123154525
554094.0,554094.0,4280776.413129961,3726682.413129961
543213.0,543213.0,4280776.413129961,3737563.413129961
